-- phpMyAdmin SQL Dump
-- version 4.6.4
-- https://www.phpmyadmin.net/
--
-- Host: localhost
-- Generation Time: Nov 24, 2017 at 08:32 AM
-- Server version: 5.7.15-log
-- PHP Version: 5.6.26

SET SQL_MODE = "NO_AUTO_VALUE_ON_ZERO";
SET time_zone = "+00:00";


/*!40101 SET @OLD_CHARACTER_SET_CLIENT=@@CHARACTER_SET_CLIENT */;
/*!40101 SET @OLD_CHARACTER_SET_RESULTS=@@CHARACTER_SET_RESULTS */;
/*!40101 SET @OLD_COLLATION_CONNECTION=@@COLLATION_CONNECTION */;
/*!40101 SET NAMES utf8mb4 */;

--
-- Database: `parque`
--

-- --------------------------------------------------------

--
-- Table structure for table `actividades`
--

CREATE TABLE `actividades` (
  `id_act` int(4) NOT NULL,
  `accion` varchar(300) COLLATE utf8_spanish2_ci NOT NULL,
  `tipo` enum('Censo','Mantenimiento','Reforestación','') COLLATE utf8_spanish2_ci NOT NULL,
  `estado` enum('Activa','Inactiva') COLLATE utf8_spanish2_ci NOT NULL
) ENGINE=InnoDB DEFAULT CHARSET=utf8 COLLATE=utf8_spanish2_ci;

--
-- Dumping data for table `actividades`
--

INSERT INTO `actividades` (`id_act`, `accion`, `tipo`, `estado`) VALUES
(1, 'Limpiar bancos del pasillo principal', 'Mantenimiento', 'Activa'),
(2, 'Colocar bombillos en los postes del pasillo principal', 'Mantenimiento', 'Activa'),
(3, 'Visitar el habitat natural de la especie', 'Censo', 'Activa'),
(4, 'Explorar el perimetro donde se ubica el habitat de la especie', 'Censo', 'Activa');

-- --------------------------------------------------------

--
-- Table structure for table `actividades_censo`
--

CREATE TABLE `actividades_censo` (
  `censo` int(4) NOT NULL,
  `actividad` int(4) NOT NULL,
  `encargado` varchar(80) COLLATE utf8_spanish2_ci NOT NULL
) ENGINE=InnoDB DEFAULT CHARSET=utf8 COLLATE=utf8_spanish2_ci;

--
-- Dumping data for table `actividades_censo`
--

INSERT INTO `actividades_censo` (`censo`, `actividad`, `encargado`) VALUES
(1, 4, 'Esmeralda Navarro'),
(2, 4, 'Esmeralda Navarro'),
(3, 4, 'Esmeralda Navarro'),
(4, 4, 'Esmeralda Navarro');

-- --------------------------------------------------------

--
-- Table structure for table `actividades_mantenimiento`
--

CREATE TABLE `actividades_mantenimiento` (
  `mantenimiento` int(4) NOT NULL,
  `actividad` int(4) NOT NULL,
  `encargado` varchar(80) COLLATE utf8_spanish2_ci NOT NULL
) ENGINE=InnoDB DEFAULT CHARSET=utf8 COLLATE=utf8_spanish2_ci;

-- --------------------------------------------------------

--
-- Table structure for table `actividades_reforestacion`
--

CREATE TABLE `actividades_reforestacion` (
  `reforestacion` int(4) NOT NULL,
  `actividad` int(4) NOT NULL,
  `encargado` varchar(80) COLLATE utf8_spanish2_ci NOT NULL
) ENGINE=InnoDB DEFAULT CHARSET=utf8 COLLATE=utf8_spanish2_ci;

--
-- Dumping data for table `actividades_reforestacion`
--

INSERT INTO `actividades_reforestacion` (`reforestacion`, `actividad`, `encargado`) VALUES
(1, 5, 'Esmeralda Navarro');

-- --------------------------------------------------------

--
-- Table structure for table `areas`
--

CREATE TABLE `areas` (
  `id_are` int(4) NOT NULL,
  `codigo` varchar(4) COLLATE utf8_spanish_ci NOT NULL,
  `area` varchar(30) COLLATE utf8_spanish_ci NOT NULL,
  `ubicacion` varchar(320) COLLATE utf8_spanish_ci NOT NULL,
  `estado` enum('Activa','Inactiva') COLLATE utf8_spanish_ci NOT NULL
) ENGINE=InnoDB DEFAULT CHARSET=utf8 COLLATE=utf8_spanish_ci;

--
-- Dumping data for table `areas`
--

INSERT INTO `areas` (`id_are`, `codigo`, `area`, `ubicacion`, `estado`) VALUES
(1, 'P3ST', 'Perimetro Este', 'A 50 km al este de la Entrada Principal.', 'Activa'),
(2, 'P0ST', 'Perimetro Oeste', 'A 10 km al oeste de la Entrada Principal.', 'Activa'),
(3, 'P3SV', 'Perimetro Sur', 'A 25 km al sur de la Entrada Principal.', 'Activa'),
(4, 'P3N0', 'Perimetro Norte', 'A 30 km al norte de la Entrada Principal.\r\n', 'Activa');

-- --------------------------------------------------------

--
-- Table structure for table `areas_censo`
--

CREATE TABLE `areas_censo` (
  `censo` int(4) NOT NULL,
  `id_are` int(4) NOT NULL
) ENGINE=InnoDB DEFAULT CHARSET=utf8 COLLATE=utf8_spanish_ci;

--
-- Dumping data for table `areas_censo`
--

INSERT INTO `areas_censo` (`censo`, `id_are`) VALUES
(1, 4),
(2, 4),
(3, 5),
(4, 5);

-- --------------------------------------------------------

--
-- Table structure for table `areas_mantenimiento`
--

CREATE TABLE `areas_mantenimiento` (
  `mantenimiento` int(4) NOT NULL,
  `id_are` int(4) NOT NULL
) ENGINE=InnoDB DEFAULT CHARSET=utf8 COLLATE=utf8_spanish_ci;

-- --------------------------------------------------------

--
-- Table structure for table `areas_reforestacion`
--

CREATE TABLE `areas_reforestacion` (
  `reforestacion` int(4) NOT NULL,
  `id_are` int(4) NOT NULL
) ENGINE=InnoDB DEFAULT CHARSET=utf8 COLLATE=utf8_spanish_ci;

--
-- Dumping data for table `areas_reforestacion`
--

INSERT INTO `areas_reforestacion` (`reforestacion`, `id_are`) VALUES
(1, 4);

-- --------------------------------------------------------

--
-- Table structure for table `beneficiarios`
--

CREATE TABLE `beneficiarios` (
  `id_ben` int(4) NOT NULL,
  `cedula` varchar(10) NOT NULL,
  `nombre` varchar(80) NOT NULL,
  `telefono` varchar(30) NOT NULL,
  `direccion` varchar(80) NOT NULL,
  `estado` enum('Activo','Inactivo') NOT NULL
) ENGINE=InnoDB DEFAULT CHARSET=utf8;

--
-- Dumping data for table `beneficiarios`
--

INSERT INTO `beneficiarios` (`id_ben`, `cedula`, `nombre`, `telefono`, `direccion`, `estado`) VALUES
(1, 'V-27402258', 'Yonathan Moncada', '(0424) 359-1604', 'La Victoria, Estado Aragua', 'Activo'),
(2, 'V-27402257', 'Petronila Sinforosa', '(0424) 344-1233', 'La Victoria, Estado Aragua', 'Activo'),
(3, 'V-8589947', 'Esmeralda Navarro', '(0412) 463-3621', 'La Victoria, Estado Aragua', 'Activo'),
(4, 'V-8071662', 'Luciano Moncada', '(0416) 239-0187', 'La Victoria, Estado Aragua', 'Activo');

-- --------------------------------------------------------

--
-- Table structure for table `beneficiarios_servicio`
--

CREATE TABLE `beneficiarios_servicio` (
  `servicio` int(4) NOT NULL,
  `beneficiario` int(4) NOT NULL
) ENGINE=InnoDB DEFAULT CHARSET=utf8 COLLATE=utf8_spanish_ci;

--
-- Dumping data for table `beneficiarios_servicio`
--

INSERT INTO `beneficiarios_servicio` (`servicio`, `beneficiario`) VALUES
(1, 1),
(1, 1);

-- --------------------------------------------------------

--
-- Table structure for table `bitacoras`
--

CREATE TABLE `bitacoras` (
  `id_bit` int(4) NOT NULL,
  `tipo` varchar(30) NOT NULL,
  `movimiento` varchar(300) NOT NULL,
  `usuario` int(4) NOT NULL,
  `tiempo` timestamp NOT NULL DEFAULT CURRENT_TIMESTAMP
) ENGINE=InnoDB DEFAULT CHARSET=utf8;

--
-- Dumping data for table `bitacoras`
--

INSERT INTO `bitacoras` (`id_bit`, `tipo`, `movimiento`, `usuario`, `tiempo`) VALUES
(1, 'Usuario', 'Ha ingresado al sistema.', 1, '2017-11-23 04:49:41'),
(2, 'Usuario', 'Ha ingresado al sistema.', 1, '2017-11-24 01:45:16'),
(3, 'Usuario', 'Ha actualizado su avatar', 1, '2017-11-24 01:45:43'),
(4, 'Usuario', 'Ha ingresado al sistema.', 1, '2017-11-24 01:56:10'),
(5, 'Usuario', 'Ha ingresado al sistema.', 1, '2017-11-24 02:33:39'),
(6, 'Usuario', 'Ha ingresado al sistema.', 1, '2017-11-24 02:36:12'),
(7, 'Usuario', 'Ha salido del sistema.', 1, '2017-11-24 04:56:52'),
(8, 'Usuario', 'Ha ingresado al sistema.', 1, '2017-11-24 04:56:58'),
(9, 'Usuario', 'Ha salido del sistema.', 1, '2017-11-24 04:57:56'),
(10, 'Usuario', 'Ha ingresado al sistema.', 1, '2017-11-24 04:58:02'),
(11, 'servicio', 'Se ha actualizado el estado del servicio 1.', 1, '2017-11-24 05:09:18'),
(12, 'servicio', 'Se ha registrado un servicio.', 1, '2017-11-24 05:26:58'),
(13, 'servicio', 'Se ha registrado un servicio.', 1, '2017-11-24 05:30:30'),
(14, 'Usuario', 'Ha ingresado al sistema.', 1, '2017-11-24 05:35:37'),
(15, 'Usuario', 'Ha ingresado al sistema.', 1, '2017-11-24 06:05:14'),
(16, 'Usuario', 'Ha ingresado al sistema.', 1, '2017-11-24 06:12:42'),
(17, 'Usuario', 'Ha ingresado al sistema.', 1, '2017-11-24 06:19:15'),
(18, 'Area', 'Se ha actualizado el area Perimetro Norte.', 1, '2017-11-24 06:29:34'),
(19, 'Usuario', 'Ha ingresado al sistema.', 1, '2017-11-24 06:44:49');

-- --------------------------------------------------------

--
-- Table structure for table `cabanas`
--

CREATE TABLE `cabanas` (
  `id_cab` int(4) NOT NULL,
  `numero` varchar(4) COLLATE utf8_spanish_ci NOT NULL,
  `area` int(4) NOT NULL,
  `capacidad` int(4) NOT NULL,
  `disponibilidad` enum('Desocupada','Ocupada') COLLATE utf8_spanish_ci NOT NULL,
  `estado` enum('Activa','Inactiva') COLLATE utf8_spanish_ci NOT NULL
) ENGINE=InnoDB DEFAULT CHARSET=utf8 COLLATE=utf8_spanish_ci;

--
-- Dumping data for table `cabanas`
--

INSERT INTO `cabanas` (`id_cab`, `numero`, `area`, `capacidad`, `disponibilidad`, `estado`) VALUES
(1, '1', 1, 50, 'Ocupada', 'Activa'),
(2, '2', 2, 20, 'Desocupada', 'Activa'),
(3, '3', 1, 20, 'Desocupada', 'Activa'),
(4, '4', 1, 25, 'Desocupada', 'Activa'),
(5, '5', 2, 20, 'Desocupada', 'Activa'),
(6, '6', 3, 25, 'Desocupada', 'Activa'),
(7, '7', 3, 50, 'Desocupada', 'Activa'),
(8, '9', 4, 25, 'Desocupada', 'Activa'),
(9, '10', 1, 25, 'Desocupada', 'Activa'),
(10, '8', 1, 50, 'Desocupada', 'Activa');

-- --------------------------------------------------------

--
-- Table structure for table `cabanas_servicio`
--

CREATE TABLE `cabanas_servicio` (
  `servicio` int(4) NOT NULL,
  `cabana` int(4) NOT NULL
) ENGINE=InnoDB DEFAULT CHARSET=utf8 COLLATE=utf8_spanish_ci;

--
-- Dumping data for table `cabanas_servicio`
--

INSERT INTO `cabanas_servicio` (`servicio`, `cabana`) VALUES
(1, 1);

-- --------------------------------------------------------

--
-- Table structure for table `canchas`
--

CREATE TABLE `canchas` (
  `id_can` int(4) NOT NULL,
  `numero` varchar(4) COLLATE utf8_spanish_ci NOT NULL,
  `nombre` varchar(30) COLLATE utf8_spanish_ci NOT NULL,
  `area` int(4) NOT NULL,
  `capacidad` int(4) NOT NULL,
  `disponibilidad` enum('Desocupada','Ocupada') COLLATE utf8_spanish_ci NOT NULL,
  `estado` enum('Activa','Inactiva') COLLATE utf8_spanish_ci NOT NULL
) ENGINE=InnoDB DEFAULT CHARSET=utf8 COLLATE=utf8_spanish_ci;

--
-- Dumping data for table `canchas`
--

INSERT INTO `canchas` (`id_can`, `numero`, `nombre`, `area`, `capacidad`, `disponibilidad`, `estado`) VALUES
(1, '1', 'Cancha de Fútbol', 1, 25, 'Ocupada', 'Activa'),
(2, '2', 'Cancha de Volleyball', 2, 25, 'Desocupada', 'Activa'),
(3, '3', 'Cancha de Tennis', 2, 25, 'Desocupada', 'Activa'),
(4, '4', 'Cancha de Basketball', 1, 20, 'Desocupada', 'Activa');

-- --------------------------------------------------------

--
-- Table structure for table `canchas_servicio`
--

CREATE TABLE `canchas_servicio` (
  `servicio` int(4) NOT NULL,
  `cancha` int(4) NOT NULL
) ENGINE=InnoDB DEFAULT CHARSET=utf8 COLLATE=utf8_spanish_ci;

-- --------------------------------------------------------

--
-- Table structure for table `cargos`
--

CREATE TABLE `cargos` (
  `id_car` int(4) NOT NULL,
  `cargo` varchar(30) COLLATE utf8_spanish_ci NOT NULL,
  `descripcion` varchar(80) COLLATE utf8_spanish_ci NOT NULL,
  `estado` enum('Activo','Inactivo') COLLATE utf8_spanish_ci NOT NULL
) ENGINE=InnoDB DEFAULT CHARSET=utf8 COLLATE=utf8_spanish_ci;

--
-- Dumping data for table `cargos`
--

INSERT INTO `cargos` (`id_car`, `cargo`, `descripcion`, `estado`) VALUES
(4, 'Supervisor', 'Persona que supervisa', 'Activo'),
(5, 'Inspector', 'Persona que inspecciona', 'Activo'),
(6, 'Seguridad', 'Persona que asegura', 'Activo'),
(7, 'Recepcionista', 'Persona que recibe las personas', 'Activo'),
(8, 'Obrero', 'Persona que hace labores de construcción', 'Activo'),
(9, 'Mantenimiento', 'Persona que se encarga del aseo', 'Activo');

-- --------------------------------------------------------

--
-- Table structure for table `categorias`
--

CREATE TABLE `categorias` (
  `id_cat` int(4) NOT NULL,
  `categoria` varchar(30) COLLATE utf8_spanish_ci NOT NULL,
  `descripcion` varchar(80) COLLATE utf8_spanish_ci NOT NULL,
  `estado` enum('Activa','Inactiva') COLLATE utf8_spanish_ci NOT NULL
) ENGINE=InnoDB DEFAULT CHARSET=utf8 COLLATE=utf8_spanish_ci;

--
-- Dumping data for table `categorias`
--

INSERT INTO `categorias` (`id_cat`, `categoria`, `descripcion`, `estado`) VALUES
(1, 'Mantenimiento', 'Implementos para garantizar la seguridad del personal obrero', 'Activa'),
(2, 'Decoración', 'Implementos de decoración para fiestas, actividades y eventos', 'Activa'),
(3, 'Seguridad', 'Beticas pa\' seguridad', 'Activa'),
(4, 'Mantenimiento2323', 'asdasd', 'Inactiva');

-- --------------------------------------------------------

--
-- Table structure for table `censos`
--

CREATE TABLE `censos` (
  `id_cen` int(4) NOT NULL,
  `fecha_act` timestamp NOT NULL DEFAULT CURRENT_TIMESTAMP,
  `usuario` int(4) NOT NULL,
  `fecha_asig` varchar(50) COLLATE utf8_spanish_ci NOT NULL,
  `hora_asig` varchar(50) COLLATE utf8_spanish_ci NOT NULL,
  `estado` enum('Pendiente','En progreso','','Finalizado') COLLATE utf8_spanish_ci NOT NULL
) ENGINE=InnoDB DEFAULT CHARSET=utf8 COLLATE=utf8_spanish_ci;

--
-- Dumping data for table `censos`
--

INSERT INTO `censos` (`id_cen`, `fecha_act`, `usuario`, `fecha_asig`, `hora_asig`, `estado`) VALUES
(1, '2017-11-11 22:02:49', 1, '01-12-2017', '6:15 PM', 'Pendiente'),
(2, '2017-11-13 00:22:30', 1, '23-11-2017', '8:30 PM', 'Pendiente'),
(3, '2017-11-13 01:47:51', 1, '28-11-2017', '10:00 PM', 'Pendiente'),
(4, '2017-11-13 02:09:17', 1, '22-11-2017', '10:15 PM', 'Pendiente');

-- --------------------------------------------------------

--
-- Table structure for table `ci_sessions`
--

CREATE TABLE `ci_sessions` (
  `id` varchar(40) NOT NULL,
  `ip_address` varchar(45) NOT NULL,
  `timestamp` int(10) UNSIGNED NOT NULL DEFAULT '0',
  `data` blob NOT NULL
) ENGINE=InnoDB DEFAULT CHARSET=utf8;

--
-- Dumping data for table `ci_sessions`
--

INSERT INTO `ci_sessions` (`id`, `ip_address`, `timestamp`, `data`) VALUES
('0tc6o05c4499mo3vk9l7lk2fdh02r578', '::1', 1511512100, 0x5f5f63695f6c6173745f726567656e65726174657c693a313531313531323038313b746f6b656e7c733a34303a2263363530356631613838343436383038303736326435356136636137653535656261623334303438223b69735f6c6f677565645f696e7c623a313b69645f7573756172696f7c733a313a2231223b6e6976656c7c733a31363a2241646d696e6973747261646f72286129223b7573756172696f7c733a393a22796f6d6f6e63616461223b6176617461727c733a32313a2270657266696c2d796f6d6f6e636164612d2e706e67223b70657266696c7c733a343a2276696577223b766965775f757365727c733a383a2264756272617a6b69223b62656e65666963696172696f735f636f6e74656e74737c613a333a7b733a31303a22636172745f746f74616c223b693a303b733a31393a22746f74616c5f62656e65666963696172696f73223b693a313b733a33323a226334636134323338613062393233383230646363353039613666373538343962223b613a353a7b733a323a226964223b733a313a2231223b733a363a22636564756c61223b733a31303a22562d3237343032323538223b733a363a226e6f6d627265223b733a31363a22596f6e617468616e204d6f6e63616461223b733a383a2263616e7469646164223b693a313b733a353a22726f776964223b733a33323a226334636134323338613062393233383230646363353039613666373538343962223b7d7d63616e636861735f636f6e74656e74737c613a333a7b733a31303a22636172745f746f74616c223b693a303b733a31333a22746f74616c5f63616e63686173223b693a313b733a33323a226334636134323338613062393233383230646363353039613666373538343962223b613a353a7b733a323a226964223b733a313a2231223b733a363a226e756d65726f223b733a313a2231223b733a393a22636170616369646164223b733a323a223235223b733a383a2263616e7469646164223b693a313b733a353a22726f776964223b733a33323a226334636134323338613062393233383230646363353039613666373538343962223b7d7d696d706c656d656e746f735f636f6e74656e74737c613a333a7b733a31303a22636172745f746f74616c223b693a303b733a31373a22746f74616c5f696d706c656d656e746f73223b693a313b733a33323a226138376666363739613266336537316439313831613637623735343231323263223b613a363a7b733a323a226964223b733a313a2234223b733a363a22636f6469676f223b733a343a2243433231223b733a363a226e6f6d627265223b733a383a224d617274696c6c6f223b733a363a22756e69646164223b733a383a22556e696461646573223b733a383a2263616e7469646164223b693a313b733a353a22726f776964223b733a33323a226138376666363739613266336537316439313831613637623735343231323263223b7d7d656d706c6561646f735f636f6e74656e74737c613a333a7b733a31303a22636172745f746f74616c223b693a303b733a31353a22746f74616c5f656d706c6561646f73223b693a313b733a33323a226338316537323864396434633266363336663036376638396363313438363263223b613a353a7b733a323a226964223b733a313a2232223b733a363a22636564756c61223b733a31303a22562d3237343032323533223b733a363a226e6f6d627265223b733a31373a2245736d6572616c6461204e61766172726f223b733a383a2263616e7469646164223b693a313b733a353a22726f776964223b733a33323a226338316537323864396434633266363336663036376638396363313438363263223b7d7d),
('6ghgcfuaoelobvaqufmv1ovtb6gu9l5k', '::1', 1511507524, 0x5f5f63695f6c6173745f726567656e65726174657c693a313531313530373231373b746f6b656e7c733a34303a2263363530356631613838343436383038303736326435356136636137653535656261623334303438223b69735f6c6f677565645f696e7c623a313b69645f7573756172696f7c733a313a2231223b6e6976656c7c733a31363a2241646d696e6973747261646f72286129223b7573756172696f7c733a393a22796f6d6f6e63616461223b6176617461727c733a32313a2270657266696c2d796f6d6f6e636164612d2e706e67223b),
('729u16se9s8l49sgvr87nau8flvjrthg', '::1', 1511508222, 0x5f5f63695f6c6173745f726567656e65726174657c693a313531313530383034313b746f6b656e7c733a34303a2263363530356631613838343436383038303736326435356136636137653535656261623334303438223b69735f6c6f677565645f696e7c623a313b69645f7573756172696f7c733a313a2231223b6e6976656c7c733a31363a2241646d696e6973747261646f72286129223b7573756172696f7c733a393a22796f6d6f6e63616461223b6176617461727c733a32313a2270657266696c2d796f6d6f6e636164612d2e706e67223b70657266696c7c733a343a2276696577223b766965775f757365727c733a383a2264756272617a6b69223b),
('82lmlmhbra7kiockl79lnfijj74u86o0', '::1', 1511505708, 0x5f5f63695f6c6173745f726567656e65726174657c693a313531313530353437333b746f6b656e7c733a34303a2263616230323230336161323061306561643337353433663063626635303133653566323466666336223b69735f6c6f677565645f696e7c623a313b69645f7573756172696f7c733a313a2231223b6e6976656c7c733a31363a2241646d696e6973747261646f72286129223b7573756172696f7c733a393a22796f6d6f6e63616461223b6176617461727c733a32313a2270657266696c2d796f6d6f6e636164612d2e706e67223b70657266696c7c733a353a22696e646578223b),
('8dlf8lnpuuagkl9e1j3aj745ofld0t35', '::1', 1511512013, 0x5f5f63695f6c6173745f726567656e65726174657c693a313531313531313730393b746f6b656e7c733a34303a2263363530356631613838343436383038303736326435356136636137653535656261623334303438223b69735f6c6f677565645f696e7c623a313b69645f7573756172696f7c733a313a2231223b6e6976656c7c733a31363a2241646d696e6973747261646f72286129223b7573756172696f7c733a393a22796f6d6f6e63616461223b6176617461727c733a32313a2270657266696c2d796f6d6f6e636164612d2e706e67223b70657266696c7c733a343a2276696577223b766965775f757365727c733a383a2264756272617a6b69223b70726f6365736f7c733a383a22736572766963696f223b62656e65666963696172696f735f636f6e74656e74737c613a333a7b733a31303a22636172745f746f74616c223b693a303b733a31393a22746f74616c5f62656e65666963696172696f73223b693a313b733a33323a226334636134323338613062393233383230646363353039613666373538343962223b613a353a7b733a323a226964223b733a313a2231223b733a363a22636564756c61223b733a31303a22562d3237343032323538223b733a363a226e6f6d627265223b733a31363a22596f6e617468616e204d6f6e63616461223b733a383a2263616e7469646164223b693a313b733a353a22726f776964223b733a33323a226334636134323338613062393233383230646363353039613666373538343962223b7d7d63616e636861735f636f6e74656e74737c613a333a7b733a31303a22636172745f746f74616c223b693a303b733a31333a22746f74616c5f63616e63686173223b693a313b733a33323a226334636134323338613062393233383230646363353039613666373538343962223b613a353a7b733a323a226964223b733a313a2231223b733a363a226e756d65726f223b733a313a2231223b733a393a22636170616369646164223b733a323a223235223b733a383a2263616e7469646164223b693a313b733a353a22726f776964223b733a33323a226334636134323338613062393233383230646363353039613666373538343962223b7d7d696d706c656d656e746f735f636f6e74656e74737c613a333a7b733a31303a22636172745f746f74616c223b693a303b733a31373a22746f74616c5f696d706c656d656e746f73223b693a313b733a33323a226138376666363739613266336537316439313831613637623735343231323263223b613a363a7b733a323a226964223b733a313a2234223b733a363a22636f6469676f223b733a343a2243433231223b733a363a226e6f6d627265223b733a383a224d617274696c6c6f223b733a363a22756e69646164223b733a383a22556e696461646573223b733a383a2263616e7469646164223b693a313b733a353a22726f776964223b733a33323a226138376666363739613266336537316439313831613637623735343231323263223b7d7d656d706c6561646f735f636f6e74656e74737c613a333a7b733a31303a22636172745f746f74616c223b693a303b733a31353a22746f74616c5f656d706c6561646f73223b693a313b733a33323a226338316537323864396434633266363336663036376638396363313438363263223b613a353a7b733a323a226964223b733a313a2232223b733a363a22636564756c61223b733a31303a22562d3237343032323533223b733a363a226e6f6d627265223b733a31373a2245736d6572616c6461204e61766172726f223b733a383a2263616e7469646164223b693a313b733a353a22726f776964223b733a33323a226338316537323864396434633266363336663036376638396363313438363263223b7d7d),
('9rim4bak78ifp265d4a21s84daclss4m', '::1', 1511504595, 0x5f5f63695f6c6173745f726567656e65726174657c693a313531313530343334383b746f6b656e7c733a34303a2263616230323230336161323061306561643337353433663063626635303133653566323466666336223b69735f6c6f677565645f696e7c623a313b69645f7573756172696f7c733a313a2231223b6e6976656c7c733a31363a2241646d696e6973747261646f72286129223b7573756172696f7c733a393a22796f6d6f6e63616461223b6176617461727c733a32313a2270657266696c2d796f6d6f6e636164612d2e706e67223b70657266696c7c733a353a22696e646578223b),
('a1p3t6s2j7qprmppoc2p9dp7ed8at6d5', '::1', 1511510691, 0x5f5f63695f6c6173745f726567656e65726174657c693a313531313531303634393b746f6b656e7c733a34303a2263363530356631613838343436383038303736326435356136636137653535656261623334303438223b69735f6c6f677565645f696e7c623a313b69645f7573756172696f7c733a313a2231223b6e6976656c7c733a31363a2241646d696e6973747261646f72286129223b7573756172696f7c733a393a22796f6d6f6e63616461223b6176617461727c733a32313a2270657266696c2d796f6d6f6e636164612d2e706e67223b70657266696c7c733a343a2276696577223b766965775f757365727c733a383a2264756272617a6b69223b70726f6365736f7c733a31333a227265666f726573746163696f6e223b),
('aeacnilf28nvjml5bomtf3t52j3feie9', '::1', 1511500214, 0x5f5f63695f6c6173745f726567656e65726174657c693a313531313530303030343b746f6b656e7c733a34303a2266653864623966633661376136616166376232313832383532616463376630316663383730623033223b69735f6c6f677565645f696e7c623a313b69645f7573756172696f7c733a313a2231223b6e6976656c7c733a31363a2241646d696e6973747261646f72286129223b7573756172696f7c733a393a22796f6d6f6e63616461223b6176617461727c733a32313a2270657266696c2d796f6d6f6e636164612d2e706e67223b70657266696c7c733a353a22696e646578223b70726f6365736f7c733a31363a22736572766963696f5f636f6e74726f6c223b62656e65666963696172696f735f636f6e74656e74737c613a333a7b733a31303a22636172745f746f74616c223b693a303b733a31393a22746f74616c5f62656e65666963696172696f73223b693a313b733a33323a226334636134323338613062393233383230646363353039613666373538343962223b613a353a7b733a323a226964223b733a313a2231223b733a363a22636564756c61223b733a31303a22562d3237343032323538223b733a363a226e6f6d627265223b733a31363a22596f6e617468616e204d6f6e63616461223b733a383a2263616e7469646164223b693a313b733a353a22726f776964223b733a33323a226334636134323338613062393233383230646363353039613666373538343962223b7d7d636162616e61735f636f6e74656e74737c613a333a7b733a31303a22636172745f746f74616c223b693a303b733a31333a22746f74616c5f636162616e6173223b693a313b733a33323a226334636134323338613062393233383230646363353039613666373538343962223b613a353a7b733a323a226964223b733a313a2231223b733a363a226e756d65726f223b733a313a2231223b733a393a22636170616369646164223b733a323a223530223b733a383a2263616e7469646164223b693a313b733a353a22726f776964223b733a33323a226334636134323338613062393233383230646363353039613666373538343962223b7d7d696d706c656d656e746f735f636f6e74656e74737c613a333a7b733a31303a22636172745f746f74616c223b693a303b733a31373a22746f74616c5f696d706c656d656e746f73223b693a313b733a33323a226534646133623766626263653233343564373737326230363734613331386435223b613a363a7b733a323a226964223b733a313a2235223b733a363a22636f6469676f223b733a343a2243433232223b733a363a226e6f6d627265223b733a353a22426f746173223b733a383a2263616e7469646164223b693a313b733a363a22756e69646164223b733a383a22556e696461646573223b733a353a22726f776964223b733a33323a226534646133623766626263653233343564373737326230363734613331386435223b7d7d),
('bvicuqboubmlnssok9k9dvnpnsp0uffe', '::1', 1511502359, 0x5f5f63695f6c6173745f726567656e65726174657c693a313531313530323332333b746f6b656e7c733a34303a2265633036303263323334666466646135663131623430626565333363656130636431373930633236223b69735f6c6f677565645f696e7c623a313b69645f7573756172696f7c733a313a2231223b6e6976656c7c733a31363a2241646d696e6973747261646f72286129223b7573756172696f7c733a393a22796f6d6f6e63616461223b6176617461727c733a32313a2270657266696c2d796f6d6f6e636164612d2e706e67223b70657266696c7c733a353a22696e646578223b70726f6365736f7c733a383a22736572766963696f223b),
('ccojg2r5567pjq14oj7v8uutldoc3kt2', '::1', 1511505877, 0x5f5f63695f6c6173745f726567656e65726174657c693a313531313530353738333b746f6b656e7c733a34303a2263616230323230336161323061306561643337353433663063626635303133653566323466666336223b69735f6c6f677565645f696e7c623a313b69645f7573756172696f7c733a313a2231223b6e6976656c7c733a31363a2241646d696e6973747261646f72286129223b7573756172696f7c733a393a22796f6d6f6e63616461223b6176617461727c733a32313a2270657266696c2d796f6d6f6e636164612d2e706e67223b70657266696c7c733a353a22696e646578223b),
('cj39g0nnttmb9t21s26nhi8pgr1n2aem', '::1', 1511510191, 0x5f5f63695f6c6173745f726567656e65726174657c693a313531313531303134303b746f6b656e7c733a34303a2263363530356631613838343436383038303736326435356136636137653535656261623334303438223b69735f6c6f677565645f696e7c623a313b69645f7573756172696f7c733a313a2231223b6e6976656c7c733a31363a2241646d696e6973747261646f72286129223b7573756172696f7c733a393a22796f6d6f6e63616461223b6176617461727c733a32313a2270657266696c2d796f6d6f6e636164612d2e706e67223b70657266696c7c733a343a2276696577223b766965775f757365727c733a383a2264756272617a6b69223b70726f6365736f7c733a31333a226d616e74656e696d69656e746f223b),
('d9vllma3o6bscgrsoq3ll1kei936nfkj', '::1', 1511509883, 0x5f5f63695f6c6173745f726567656e65726174657c693a313531313530393830363b746f6b656e7c733a34303a2263363530356631613838343436383038303736326435356136636137653535656261623334303438223b69735f6c6f677565645f696e7c623a313b69645f7573756172696f7c733a313a2231223b6e6976656c7c733a31363a2241646d696e6973747261646f72286129223b7573756172696f7c733a393a22796f6d6f6e63616461223b6176617461727c733a32313a2270657266696c2d796f6d6f6e636164612d2e706e67223b70657266696c7c733a343a2276696577223b766965775f757365727c733a383a2264756272617a6b69223b70726f6365736f7c733a383a22646f6e6163696f6e223b),
('dlajdjujtigrs30kbk6v46l1g1nq26e3', '::1', 1511503947, 0x5f5f63695f6c6173745f726567656e65726174657c693a313531313530333932353b746f6b656e7c733a34303a2261656132383231636139303231363233616361643964616231306663306339623362366162353836223b69735f6c6f677565645f696e7c623a313b69645f7573756172696f7c733a313a2231223b6e6976656c7c733a31363a2241646d696e6973747261646f72286129223b7573756172696f7c733a393a22796f6d6f6e63616461223b6176617461727c733a32313a2270657266696c2d796f6d6f6e636164612d2e706e67223b70657266696c7c733a353a22696e646578223b),
('g930qiju2ip7n2c5opej392esp0ajnqm', '::1', 1511503193, 0x5f5f63695f6c6173745f726567656e65726174657c693a313531313530323839303b746f6b656e7c733a34303a2265633036303263323334666466646135663131623430626565333363656130636431373930633236223b69735f6c6f677565645f696e7c623a313b69645f7573756172696f7c733a313a2231223b6e6976656c7c733a31363a2241646d696e6973747261646f72286129223b7573756172696f7c733a393a22796f6d6f6e63616461223b6176617461727c733a32313a2270657266696c2d796f6d6f6e636164612d2e706e67223b70657266696c7c733a353a22696e646578223b70726f6365736f7c733a31333a227265666f726573746163696f6e223b),
('ge0pgdivrav4p2f61tp3c26ltj1j3jt2', '::1', 1511503738, 0x5f5f63695f6c6173745f726567656e65726174657c693a313531313530333530363b746f6b656e7c733a34303a2261656132383231636139303231363233616361643964616231306663306339623362366162353836223b69735f6c6f677565645f696e7c623a313b69645f7573756172696f7c733a313a2231223b6e6976656c7c733a31363a2241646d696e6973747261646f72286129223b7573756172696f7c733a393a22796f6d6f6e63616461223b6176617461727c733a32313a2270657266696c2d796f6d6f6e636164612d2e706e67223b70657266696c7c733a353a22696e646578223b),
('ggedi5niipgcuetjnqq5lua4gciukqgi', '::1', 1511506177, 0x5f5f63695f6c6173745f726567656e65726174657c693a313531313530353838333b746f6b656e7c733a34303a2263363530356631613838343436383038303736326435356136636137653535656261623334303438223b69735f6c6f677565645f696e7c623a313b69645f7573756172696f7c733a313a2231223b6e6976656c7c733a31363a2241646d696e6973747261646f72286129223b7573756172696f7c733a393a22796f6d6f6e63616461223b6176617461727c733a32313a2270657266696c2d796f6d6f6e636164612d2e706e67223b),
('hllfg7dtssp351vaf55o9o27f90sa07u', '::1', 1511509217, 0x5f5f63695f6c6173745f726567656e65726174657c693a313531313530383939313b746f6b656e7c733a34303a2263363530356631613838343436383038303736326435356136636137653535656261623334303438223b69735f6c6f677565645f696e7c623a313b69645f7573756172696f7c733a313a2231223b6e6976656c7c733a31363a2241646d696e6973747261646f72286129223b7573756172696f7c733a393a22796f6d6f6e63616461223b6176617461727c733a32313a2270657266696c2d796f6d6f6e636164612d2e706e67223b70657266696c7c733a343a2276696577223b766965775f757365727c733a383a2264756272617a6b69223b70726f6365736f7c733a353a2263656e736f223b),
('i301tssb61pcafoagvgmg4kf2r9roq29', '::1', 1511509470, 0x5f5f63695f6c6173745f726567656e65726174657c693a313531313530393334303b746f6b656e7c733a34303a2263363530356631613838343436383038303736326435356136636137653535656261623334303438223b69735f6c6f677565645f696e7c623a313b69645f7573756172696f7c733a313a2231223b6e6976656c7c733a31363a2241646d696e6973747261646f72286129223b7573756172696f7c733a393a22796f6d6f6e63616461223b6176617461727c733a32313a2270657266696c2d796f6d6f6e636164612d2e706e67223b70657266696c7c733a343a2276696577223b766965775f757365727c733a383a2264756272617a6b69223b70726f6365736f7c733a353a2263656e736f223b),
('j5so500e9389b1gjqa73sog1a6hkdjg2', '::1', 1511500696, 0x5f5f63695f6c6173745f726567656e65726174657c693a313531313530303631363b746f6b656e7c733a34303a2266653864623966633661376136616166376232313832383532616463376630316663383730623033223b69735f6c6f677565645f696e7c623a313b69645f7573756172696f7c733a313a2231223b6e6976656c7c733a31363a2241646d696e6973747261646f72286129223b7573756172696f7c733a393a22796f6d6f6e63616461223b6176617461727c733a32313a2270657266696c2d796f6d6f6e636164612d2e706e67223b70657266696c7c733a353a22696e646578223b70726f6365736f7c733a31363a22736572766963696f5f636f6e74726f6c223b62656e65666963696172696f735f636f6e74656e74737c613a333a7b733a31303a22636172745f746f74616c223b693a303b733a31393a22746f74616c5f62656e65666963696172696f73223b693a313b733a33323a226334636134323338613062393233383230646363353039613666373538343962223b613a353a7b733a323a226964223b733a313a2231223b733a363a22636564756c61223b733a31303a22562d3237343032323538223b733a363a226e6f6d627265223b733a31363a22596f6e617468616e204d6f6e63616461223b733a383a2263616e7469646164223b693a313b733a353a22726f776964223b733a33323a226334636134323338613062393233383230646363353039613666373538343962223b7d7d636162616e61735f636f6e74656e74737c613a333a7b733a31303a22636172745f746f74616c223b693a303b733a31333a22746f74616c5f636162616e6173223b693a313b733a33323a226334636134323338613062393233383230646363353039613666373538343962223b613a353a7b733a323a226964223b733a313a2231223b733a363a226e756d65726f223b733a313a2231223b733a393a22636170616369646164223b733a323a223530223b733a383a2263616e7469646164223b693a313b733a353a22726f776964223b733a33323a226334636134323338613062393233383230646363353039613666373538343962223b7d7d696d706c656d656e746f735f636f6e74656e74737c613a333a7b733a31303a22636172745f746f74616c223b693a303b733a31373a22746f74616c5f696d706c656d656e746f73223b693a313b733a33323a226534646133623766626263653233343564373737326230363734613331386435223b613a363a7b733a323a226964223b733a313a2235223b733a363a22636f6469676f223b733a343a2243433232223b733a363a226e6f6d627265223b733a353a22426f746173223b733a383a2263616e7469646164223b693a313b733a363a22756e69646164223b733a383a22556e696461646573223b733a353a22726f776964223b733a33323a226534646133623766626263653233343564373737326230363734613331386435223b7d7d),
('jf0o1dsn41967af372jo7spc2lfthhl7', '::1', 1511499490, 0x5f5f63695f6c6173745f726567656e65726174657c693a313531313439393437363b746f6b656e7c733a34303a2266653864623966633661376136616166376232313832383532616463376630316663383730623033223b69735f6c6f677565645f696e7c623a313b69645f7573756172696f7c733a313a2231223b6e6976656c7c733a31363a2241646d696e6973747261646f72286129223b7573756172696f7c733a393a22796f6d6f6e63616461223b6176617461727c733a32313a2270657266696c2d796f6d6f6e636164612d2e706e67223b70657266696c7c733a353a22696e646578223b),
('k0phuijqq7imu7mcqb37vcpf803i0bho', '::1', 1511506871, 0x5f5f63695f6c6173745f726567656e65726174657c693a313531313530363536383b746f6b656e7c733a34303a2263363530356631613838343436383038303736326435356136636137653535656261623334303438223b69735f6c6f677565645f696e7c623a313b69645f7573756172696f7c733a313a2231223b6e6976656c7c733a31363a2241646d696e6973747261646f72286129223b7573756172696f7c733a393a22796f6d6f6e63616461223b6176617461727c733a32313a2270657266696c2d796f6d6f6e636164612d2e706e67223b),
('k4c95bd7ahteda8r0g8tmn9s0di4idvl', '::1', 1511500616, 0x5f5f63695f6c6173745f726567656e65726174657c693a313531313530303331353b746f6b656e7c733a34303a2266653864623966633661376136616166376232313832383532616463376630316663383730623033223b69735f6c6f677565645f696e7c623a313b69645f7573756172696f7c733a313a2231223b6e6976656c7c733a31363a2241646d696e6973747261646f72286129223b7573756172696f7c733a393a22796f6d6f6e63616461223b6176617461727c733a32313a2270657266696c2d796f6d6f6e636164612d2e706e67223b70657266696c7c733a353a22696e646578223b70726f6365736f7c733a383a22736572766963696f223b),
('km4ssjntf2f8a76ujra4uth4rtgc64c5', '::1', 1511501856, 0x5f5f63695f6c6173745f726567656e65726174657c693a313531313530313732393b746f6b656e7c733a34303a2265633036303263323334666466646135663131623430626565333363656130636431373930633236223b69735f6c6f677565645f696e7c623a313b69645f7573756172696f7c733a313a2231223b6e6976656c7c733a31363a2241646d696e6973747261646f72286129223b7573756172696f7c733a393a22796f6d6f6e63616461223b6176617461727c733a32313a2270657266696c2d796f6d6f6e636164612d2e706e67223b70657266696c7c733a353a22696e646578223b70726f6365736f7c733a383a22736572766963696f223b),
('l1eenqlip18o2ddkng36rigitb6v57bd', '::1', 1511504258, 0x5f5f63695f6c6173745f726567656e65726174657c693a313531313530333935373b746f6b656e7c733a34303a2230313836636330613533393134333461386165646531333337366135656631373836343735363335223b69735f6c6f677565645f696e7c623a313b69645f7573756172696f7c733a313a2231223b6e6976656c7c733a31363a2241646d696e6973747261646f72286129223b7573756172696f7c733a393a22796f6d6f6e63616461223b6176617461727c733a32313a2270657266696c2d796f6d6f6e636164612d2e706e67223b),
('loqnkhsn1b7hm8h0k582b1knngvsklsv', '::1', 1511511165, 0x5f5f63695f6c6173745f726567656e65726174657c693a313531313531303937383b746f6b656e7c733a34303a2263363530356631613838343436383038303736326435356136636137653535656261623334303438223b69735f6c6f677565645f696e7c623a313b69645f7573756172696f7c733a313a2231223b6e6976656c7c733a31363a2241646d696e6973747261646f72286129223b7573756172696f7c733a393a22796f6d6f6e63616461223b6176617461727c733a32313a2270657266696c2d796f6d6f6e636164612d2e706e67223b70657266696c7c733a343a2276696577223b766965775f757365727c733a383a2264756272617a6b69223b70726f6365736f7c733a383a22736572766963696f223b),
('mffg16e7cpsiqorobq5sv9nqieebst15', '::1', 1511504275, 0x5f5f63695f6c6173745f726567656e65726174657c693a313531313530343237303b746f6b656e7c733a34303a2230313836636330613533393134333461386165646531333337366135656631373836343735363335223b69735f6c6f677565645f696e7c623a313b69645f7573756172696f7c733a313a2231223b6e6976656c7c733a31363a2241646d696e6973747261646f72286129223b7573756172696f7c733a393a22796f6d6f6e63616461223b6176617461727c733a32313a2270657266696c2d796f6d6f6e636164612d2e706e67223b),
('ndnj2a46ufltkutve9r7prbol44des93', '::1', 1511505298, 0x5f5f63695f6c6173745f726567656e65726174657c693a313531313530353135363b746f6b656e7c733a34303a2263616230323230336161323061306561643337353433663063626635303133653566323466666336223b69735f6c6f677565645f696e7c623a313b69645f7573756172696f7c733a313a2231223b6e6976656c7c733a31363a2241646d696e6973747261646f72286129223b7573756172696f7c733a393a22796f6d6f6e63616461223b6176617461727c733a32313a2270657266696c2d796f6d6f6e636164612d2e706e67223b70657266696c7c733a353a22696e646578223b),
('oddp7p34ubd3c5qdk1es7nl77g2qgobh', '::1', 1511507050, 0x5f5f63695f6c6173745f726567656e65726174657c693a313531313530363839383b746f6b656e7c733a34303a2263363530356631613838343436383038303736326435356136636137653535656261623334303438223b69735f6c6f677565645f696e7c623a313b69645f7573756172696f7c733a313a2231223b6e6976656c7c733a31363a2241646d696e6973747261646f72286129223b7573756172696f7c733a393a22796f6d6f6e63616461223b6176617461727c733a32313a2270657266696c2d796f6d6f6e636164612d2e706e67223b),
('ort9kasvj4utq7i9nlnason44l4basod', '::1', 1511501435, 0x5f5f63695f6c6173745f726567656e65726174657c693a313531313530313133343b746f6b656e7c733a34303a2266653864623966633661376136616166376232313832383532616463376630316663383730623033223b69735f6c6f677565645f696e7c623a313b69645f7573756172696f7c733a313a2231223b6e6976656c7c733a31363a2241646d696e6973747261646f72286129223b7573756172696f7c733a393a22796f6d6f6e63616461223b6176617461727c733a32313a2270657266696c2d796f6d6f6e636164612d2e706e67223b70657266696c7c733a353a22696e646578223b70726f6365736f7c733a383a22736572766963696f223b),
('pi6lagku7551g10b6u8ub1nn41bk5bn5', '::1', 1511503474, 0x5f5f63695f6c6173745f726567656e65726174657c693a313531313530333231323b746f6b656e7c733a34303a2265633036303263323334666466646135663131623430626565333363656130636431373930633236223b69735f6c6f677565645f696e7c623a313b69645f7573756172696f7c733a313a2231223b6e6976656c7c733a31363a2241646d696e6973747261646f72286129223b7573756172696f7c733a393a22796f6d6f6e63616461223b6176617461727c733a32313a2270657266696c2d796f6d6f6e636164612d2e706e67223b70657266696c7c733a353a22696e646578223b62656e65666963696172696f735f636f6e74656e74737c613a333a7b733a31303a22636172745f746f74616c223b693a303b733a31393a22746f74616c5f62656e65666963696172696f73223b693a313b733a33323a226334636134323338613062393233383230646363353039613666373538343962223b613a353a7b733a323a226964223b733a313a2231223b733a363a22636564756c61223b733a31303a22562d3237343032323538223b733a363a226e6f6d627265223b733a31363a22596f6e617468616e204d6f6e63616461223b733a383a2263616e7469646164223b693a313b733a353a22726f776964223b733a33323a226334636134323338613062393233383230646363353039613666373538343962223b7d7d636162616e61735f636f6e74656e74737c613a333a7b733a31303a22636172745f746f74616c223b693a303b733a31333a22746f74616c5f636162616e6173223b693a313b733a33323a226334636134323338613062393233383230646363353039613666373538343962223b613a353a7b733a323a226964223b733a313a2231223b733a363a226e756d65726f223b733a313a2231223b733a393a22636170616369646164223b733a323a223530223b733a383a2263616e7469646164223b693a313b733a353a22726f776964223b733a33323a226334636134323338613062393233383230646363353039613666373538343962223b7d7d656d706c6561646f735f636f6e74656e74737c613a333a7b733a31303a22636172745f746f74616c223b693a303b733a31353a22746f74616c5f656d706c6561646f73223b693a313b733a33323a226563636263383765346235636532666532383330386664396632613762616633223b613a353a7b733a323a226964223b733a313a2233223b733a363a22636564756c61223b733a31303a22562d3237343032323634223b733a363a226e6f6d627265223b733a31353a224c756369616e6f204d6f6e63616461223b733a383a2263616e7469646164223b693a313b733a353a22726f776964223b733a33323a226563636263383765346235636532666532383330386664396632613762616633223b7d7d696d706c656d656e746f735f636f6e74656e74737c613a333a7b733a31303a22636172745f746f74616c223b693a303b733a31373a22746f74616c5f696d706c656d656e746f73223b693a313b733a33323a226138376666363739613266336537316439313831613637623735343231323263223b613a363a7b733a323a226964223b733a313a2234223b733a363a22636f6469676f223b733a343a2243433231223b733a363a226e6f6d627265223b733a383a224d617274696c6c6f223b733a383a2263616e7469646164223b693a313b733a363a22756e69646164223b733a383a22556e696461646573223b733a353a22726f776964223b733a33323a226138376666363739613266336537316439313831613637623735343231323263223b7d7d696e76697461646f735f636f6e74656e74737c613a333a7b733a31303a22636172745f746f74616c223b693a303b733a31353a22746f74616c5f696e76697461646f73223b693a313b733a33323a226238626235356336376332666633386435613738313431343330323438343533223b613a353a7b733a323a226964223b693a37393530303732313b733a363a22636564756c61223b733a31303a22562d3237343032323634223b733a363a226e6f6d627265223b733a31353a224c756369616e6f204d6f6e63616461223b733a383a2263616e7469646164223b693a313b733a353a22726f776964223b733a33323a226238626235356336376332666633386435613738313431343330323438343533223b7d7d),
('plf08dqtoudsmtg73auj72tj63t02hfk', '::1', 1511508029, 0x5f5f63695f6c6173745f726567656e65726174657c693a313531313530373733363b746f6b656e7c733a34303a2263363530356631613838343436383038303736326435356136636137653535656261623334303438223b69735f6c6f677565645f696e7c623a313b69645f7573756172696f7c733a313a2231223b6e6976656c7c733a31363a2241646d696e6973747261646f72286129223b7573756172696f7c733a393a22796f6d6f6e63616461223b6176617461727c733a32313a2270657266696c2d796f6d6f6e636164612d2e706e67223b),
('q277b7o8ecp4h6i8k12qc4gl946g26mr', '::1', 1511504974, 0x5f5f63695f6c6173745f726567656e65726174657c693a313531313530343636393b746f6b656e7c733a34303a2263616230323230336161323061306561643337353433663063626635303133653566323466666336223b69735f6c6f677565645f696e7c623a313b69645f7573756172696f7c733a313a2231223b6e6976656c7c733a31363a2241646d696e6973747261646f72286129223b7573756172696f7c733a393a22796f6d6f6e63616461223b6176617461727c733a32313a2270657266696c2d796f6d6f6e636164612d2e706e67223b70657266696c7c733a353a22696e646578223b),
('s6vhcc8alvihkg7c98buren3dnfine52', '::1', 1511506408, 0x5f5f63695f6c6173745f726567656e65726174657c693a313531313530363138343b746f6b656e7c733a34303a2263363530356631613838343436383038303736326435356136636137653535656261623334303438223b69735f6c6f677565645f696e7c623a313b69645f7573756172696f7c733a313a2231223b6e6976656c7c733a31363a2241646d696e6973747261646f72286129223b7573756172696f7c733a393a22796f6d6f6e63616461223b6176617461727c733a32313a2270657266696c2d796f6d6f6e636164612d2e706e67223b),
('sdm7u42rq9l3vjupdkpb2b6gmibrjiff', '::1', 1511501666, 0x5f5f63695f6c6173745f726567656e65726174657c693a313531313530313433363b746f6b656e7c733a34303a2266653864623966633661376136616166376232313832383532616463376630316663383730623033223b69735f6c6f677565645f696e7c623a313b69645f7573756172696f7c733a313a2231223b6e6976656c7c733a31363a2241646d696e6973747261646f72286129223b7573756172696f7c733a393a22796f6d6f6e63616461223b6176617461727c733a32313a2270657266696c2d796f6d6f6e636164612d2e706e67223b70657266696c7c733a353a22696e646578223b696e76697461646f735f636f6e74656e74737c613a333a7b733a31303a22636172745f746f74616c223b693a303b733a31353a22746f74616c5f696e76697461646f73223b693a313b733a33323a226235666531643635663137313565303937613139653966393563663363643761223b613a353a7b733a323a226964223b693a3235303039323032353b733a363a22636564756c61223b733a31303a22562d3237343032323634223b733a363a226e6f6d627265223b733a31353a224c756369616e6f204d6f6e63616461223b733a383a2263616e7469646164223b693a313b733a353a22726f776964223b733a33323a226235666531643635663137313565303937613139653966393563663363643761223b7d7d70726f6365736f7c733a383a22736572766963696f223b);

-- --------------------------------------------------------

--
-- Table structure for table `donaciones`
--

CREATE TABLE `donaciones` (
  `id_dnc` int(4) NOT NULL,
  `fecha_act` timestamp NOT NULL DEFAULT CURRENT_TIMESTAMP,
  `usuario` int(4) NOT NULL,
  `observacion` varchar(255) COLLATE utf8_spanish_ci NOT NULL,
  `estado` enum('Procesada') COLLATE utf8_spanish_ci NOT NULL
) ENGINE=InnoDB DEFAULT CHARSET=utf8 COLLATE=utf8_spanish_ci;

--
-- Dumping data for table `donaciones`
--

INSERT INTO `donaciones` (`id_dnc`, `fecha_act`, `usuario`, `observacion`, `estado`) VALUES
(1, '2017-11-08 03:41:32', 1, 'asdasd', 'Procesada');

-- --------------------------------------------------------

--
-- Table structure for table `donantes`
--

CREATE TABLE `donantes` (
  `id_don` int(4) NOT NULL,
  `rif` varchar(12) COLLATE utf8_spanish_ci NOT NULL,
  `razon_social` varchar(50) COLLATE utf8_spanish_ci NOT NULL,
  `telefono` varchar(30) COLLATE utf8_spanish_ci NOT NULL,
  `direccion` varchar(80) COLLATE utf8_spanish_ci NOT NULL,
  `estado` enum('Activo','Inactivo') COLLATE utf8_spanish_ci NOT NULL
) ENGINE=InnoDB DEFAULT CHARSET=utf8 COLLATE=utf8_spanish_ci;

--
-- Dumping data for table `donantes`
--

INSERT INTO `donantes` (`id_don`, `rif`, `razon_social`, `telefono`, `direccion`, `estado`) VALUES
(1, 'J-27402258-9', 'Connecting People C.A', '(0244) 323-4011', 'La Victoria, Estado Aragua', 'Inactivo'),
(2, 'J-27402258-7', 'La Mansión de Michelle C.A', '(0244) 322-8569', 'La Victoria, Estado Aragua', 'Activo'),
(3, 'J-27402258-8', 'Trend Effect C.A', '(0244) 323-4011', 'La Victoria, Estado Aragua', 'Activo'),
(4, 'J-27402253-4', 'Skype C.A', '(0244) 323-4011', 'La Victoria, Estado Aragua', 'Activo'),
(5, 'J-27402225-8', 'asdasd', '(1231) 231-2312', 'asdasdasd', 'Inactivo');

-- --------------------------------------------------------

--
-- Table structure for table `donantes_donacion`
--

CREATE TABLE `donantes_donacion` (
  `donacion` int(4) NOT NULL,
  `donante` int(4) NOT NULL
) ENGINE=InnoDB DEFAULT CHARSET=utf8 COLLATE=utf8_spanish_ci;

--
-- Dumping data for table `donantes_donacion`
--

INSERT INTO `donantes_donacion` (`donacion`, `donante`) VALUES
(1, 2);

-- --------------------------------------------------------

--
-- Table structure for table `edificios`
--

CREATE TABLE `edificios` (
  `id_edi` int(4) NOT NULL,
  `numero` varchar(4) COLLATE utf8_spanish_ci NOT NULL,
  `nombre` varchar(30) COLLATE utf8_spanish_ci NOT NULL,
  `area` int(4) NOT NULL,
  `descripcion` varchar(80) COLLATE utf8_spanish_ci NOT NULL,
  `estado` enum('Activo','Inactivo') COLLATE utf8_spanish_ci NOT NULL
) ENGINE=InnoDB DEFAULT CHARSET=utf8 COLLATE=utf8_spanish_ci;

--
-- Dumping data for table `edificios`
--

INSERT INTO `edificios` (`id_edi`, `numero`, `nombre`, `area`, `descripcion`, `estado`) VALUES
(1, '1', 'Cazona', 3, '', 'Activo'),
(2, '2', 'Recibo', 2, '', 'Activo'),
(3, '3', 'Pasarela', 1, 'Tacata', 'Activo');

-- --------------------------------------------------------

--
-- Table structure for table `edificios_mantenimiento`
--

CREATE TABLE `edificios_mantenimiento` (
  `mantenimiento` int(4) NOT NULL,
  `edificio` int(4) NOT NULL
) ENGINE=InnoDB DEFAULT CHARSET=utf8 COLLATE=utf8_spanish_ci;

-- --------------------------------------------------------

--
-- Table structure for table `empleados`
--

CREATE TABLE `empleados` (
  `id_emp` int(4) NOT NULL,
  `cedula` varchar(10) COLLATE utf8_spanish_ci NOT NULL,
  `nombre` varchar(60) COLLATE utf8_spanish_ci NOT NULL,
  `cargo` varchar(80) COLLATE utf8_spanish_ci NOT NULL,
  `turno` enum('Diurno','Nocturno') COLLATE utf8_spanish_ci NOT NULL,
  `telefono` varchar(30) COLLATE utf8_spanish_ci NOT NULL,
  `email` varchar(60) COLLATE utf8_spanish_ci NOT NULL,
  `direccion` varchar(60) COLLATE utf8_spanish_ci NOT NULL,
  `disponibilidad` enum('Desocupado','Ocupado') COLLATE utf8_spanish_ci NOT NULL,
  `estado` enum('Activo','Inactivo') COLLATE utf8_spanish_ci NOT NULL
) ENGINE=InnoDB DEFAULT CHARSET=utf8 COLLATE=utf8_spanish_ci;

--
-- Dumping data for table `empleados`
--

INSERT INTO `empleados` (`id_emp`, `cedula`, `nombre`, `cargo`, `turno`, `telefono`, `email`, `direccion`, `disponibilidad`, `estado`) VALUES
(1, 'V-27402258', 'Yonathan Moncada', '4', 'Diurno', '(0424) 359-1604', 'yomoncadabooking@gmail.com', 'La Victoria, Estado Aragua', 'Desocupado', 'Activo'),
(2, 'V-27402253', 'Esmeralda Navarro', '6', 'Diurno', '(0424) 355-2311', 'esmeraldanavarro@gmail.com', 'La Victoria, Estado Aragua', 'Desocupado', 'Activo'),
(3, 'V-27402264', 'Luciano Moncada', '5', 'Diurno', '(0424) 233-4566', 'lucianomoncada@gmail.com', 'La Victoria, Estado Aragua', 'Ocupado', 'Activo'),
(4, 'V-24388345', 'Dubrazka Landaeta', '7', 'Diurno', '(0426) 256-3320', 'dubrazkalandaeta@gmail.com', 'El Consejo, Estado Aragua', 'Ocupado', 'Activo');

-- --------------------------------------------------------

--
-- Table structure for table `empleados_censo`
--

CREATE TABLE `empleados_censo` (
  `censo` int(4) NOT NULL,
  `empleado` int(4) NOT NULL
) ENGINE=InnoDB DEFAULT CHARSET=utf8 COLLATE=utf8_spanish_ci;

--
-- Dumping data for table `empleados_censo`
--

INSERT INTO `empleados_censo` (`censo`, `empleado`) VALUES
(1, 4),
(2, 2),
(3, 1),
(4, 3);

-- --------------------------------------------------------

--
-- Table structure for table `empleados_mantenimiento`
--

CREATE TABLE `empleados_mantenimiento` (
  `mantenimiento` int(4) NOT NULL,
  `empleado` int(4) NOT NULL
) ENGINE=InnoDB DEFAULT CHARSET=utf8 COLLATE=utf8_spanish_ci;

-- --------------------------------------------------------

--
-- Table structure for table `empleados_reforestacion`
--

CREATE TABLE `empleados_reforestacion` (
  `reforestacion` int(4) NOT NULL,
  `empleado` int(4) NOT NULL
) ENGINE=InnoDB DEFAULT CHARSET=utf8 COLLATE=utf8_spanish_ci;

--
-- Dumping data for table `empleados_reforestacion`
--

INSERT INTO `empleados_reforestacion` (`reforestacion`, `empleado`) VALUES
(1, 5);

-- --------------------------------------------------------

--
-- Table structure for table `empleados_servicio`
--

CREATE TABLE `empleados_servicio` (
  `servicio` int(4) NOT NULL,
  `empleado` int(4) NOT NULL
) ENGINE=InnoDB DEFAULT CHARSET=utf8 COLLATE=utf8_spanish_ci;

--
-- Dumping data for table `empleados_servicio`
--

INSERT INTO `empleados_servicio` (`servicio`, `empleado`) VALUES
(1, 3);

-- --------------------------------------------------------

--
-- Table structure for table `especies`
--

CREATE TABLE `especies` (
  `id_esp` int(4) NOT NULL,
  `codigo` varchar(4) COLLATE utf8_spanish_ci NOT NULL,
  `nom_cmn` varchar(30) COLLATE utf8_spanish_ci NOT NULL,
  `nom_cntfc` varchar(30) COLLATE utf8_spanish_ci NOT NULL,
  `flia` varchar(30) COLLATE utf8_spanish_ci NOT NULL,
  `tipo` enum('Flora','Fauna') COLLATE utf8_spanish_ci NOT NULL,
  `poblacion` int(3) NOT NULL,
  `riesgo` int(3) NOT NULL,
  `extincion` int(3) NOT NULL,
  `estado` enum('Activa','Inactiva') COLLATE utf8_spanish_ci NOT NULL
) ENGINE=InnoDB DEFAULT CHARSET=utf8 COLLATE=utf8_spanish_ci;

--
-- Dumping data for table `especies`
--

INSERT INTO `especies` (`id_esp`, `codigo`, `nom_cmn`, `nom_cntfc`, `flia`, `tipo`, `poblacion`, `riesgo`, `extincion`, `estado`) VALUES
(1, 'AA03', 'Apamate', 'Tebebuia Rosea', 'Bignoniaceae', 'Flora', 50, 10, 3, 'Activa'),
(2, 'AA04', 'Cachicamo', 'Dasypus N. Novencintus', 'Dasipódidos', 'Fauna', 10, 2, 0, 'Activa'),
(3, 'AA05', 'Ardilla', 'Sciurus Aestuans', 'Sciuridae', 'Fauna', 10, 5, 0, 'Activa'),
(4, 'AA06', 'Perico', 'Melopsittacus Undulatus', 'Psittacidae', 'Fauna', 25, 5, 0, 'Activa'),
(5, 'AA07', 'Oso Perezoso', 'Bodypus Variegatus', 'Bradypodidae', 'Fauna', 60, 10, 0, 'Activa'),
(6, 'AA08', 'Murciélago', 'Pipistrellus', 'Verspertilionidae', 'Fauna', 25, 5, 0, 'Activa'),
(7, 'AA10', 'Bambú', 'Bambusa Arundinacea', 'Poaceae', 'Flora', 10, 5, 0, 'Activa'),
(8, 'AB01', 'Guayaba', 'Psidium Guajava', 'Myrtaceae', 'Flora', 50, 10, 0, 'Activa'),
(9, 'AB02', 'Mango', 'Mangifera Indica', 'Sapindaceae', 'Flora', 25, 5, 0, 'Activa'),
(10, 'AB03', 'Uvero', 'Coccoloba caracasana', 'Polygonaceae', 'Flora', 25, 5, 0, 'Activa');

-- --------------------------------------------------------

--
-- Table structure for table `especies_censo`
--

CREATE TABLE `especies_censo` (
  `censo` int(4) NOT NULL,
  `especie` int(4) NOT NULL
) ENGINE=InnoDB DEFAULT CHARSET=utf8 COLLATE=utf8_spanish_ci;

--
-- Dumping data for table `especies_censo`
--

INSERT INTO `especies_censo` (`censo`, `especie`) VALUES
(1, 14),
(2, 14),
(3, 14),
(4, 14);

-- --------------------------------------------------------

--
-- Table structure for table `especies_reforestacion`
--

CREATE TABLE `especies_reforestacion` (
  `reforestacion` int(4) NOT NULL,
  `especie` int(4) NOT NULL
) ENGINE=InnoDB DEFAULT CHARSET=utf8 COLLATE=utf8_spanish_ci;

--
-- Dumping data for table `especies_reforestacion`
--

INSERT INTO `especies_reforestacion` (`reforestacion`, `especie`) VALUES
(1, 14);

-- --------------------------------------------------------

--
-- Table structure for table `fondos_donacion`
--

CREATE TABLE `fondos_donacion` (
  `donacion` int(4) NOT NULL,
  `cantidad` int(4) NOT NULL,
  `divisa` varchar(30) COLLATE utf8_spanish2_ci NOT NULL
) ENGINE=InnoDB DEFAULT CHARSET=utf8 COLLATE=utf8_spanish2_ci;

--
-- Dumping data for table `fondos_donacion`
--

INSERT INTO `fondos_donacion` (`donacion`, `cantidad`, `divisa`) VALUES
(1, 500000, 'Bs. F');

-- --------------------------------------------------------

--
-- Table structure for table `implementos`
--

CREATE TABLE `implementos` (
  `id_imp` int(4) NOT NULL,
  `codigo` varchar(11) COLLATE utf8_spanish_ci NOT NULL,
  `nombre` varchar(30) COLLATE utf8_spanish_ci NOT NULL,
  `categoria` int(4) NOT NULL,
  `stock` int(4) NOT NULL,
  `stock_min` int(4) NOT NULL,
  `stock_max` int(4) NOT NULL,
  `unidad` enum('Kilogramos','Gramos','Litros','Mililitros','Unidades') COLLATE utf8_spanish_ci NOT NULL,
  `estado` enum('Activo','Inactivo') COLLATE utf8_spanish_ci NOT NULL
) ENGINE=InnoDB DEFAULT CHARSET=utf8 COLLATE=utf8_spanish_ci;

--
-- Dumping data for table `implementos`
--

INSERT INTO `implementos` (`id_imp`, `codigo`, `nombre`, `categoria`, `stock`, `stock_min`, `stock_max`, `unidad`, `estado`) VALUES
(1, 'CC20', 'Pala', 1, 100, 1, 100, 'Unidades', 'Activo'),
(4, 'CC21', 'Martillo', 2, 48, 1, 50, 'Unidades', 'Activo'),
(5, 'CC22', 'Botas', 3, 100, 1, 100, 'Unidades', 'Activo');

-- --------------------------------------------------------

--
-- Table structure for table `implementos_censo`
--

CREATE TABLE `implementos_censo` (
  `censo` int(4) NOT NULL,
  `implemento` int(4) NOT NULL,
  `cantidad` int(11) NOT NULL,
  `unidad` varchar(30) COLLATE utf8_spanish_ci NOT NULL
) ENGINE=InnoDB DEFAULT CHARSET=utf8 COLLATE=utf8_spanish_ci;

--
-- Dumping data for table `implementos_censo`
--

INSERT INTO `implementos_censo` (`censo`, `implemento`, `cantidad`, `unidad`) VALUES
(1, 1, 1, 'Unidades'),
(2, 1, 1, 'Unidades'),
(3, 1, 1, 'Unidades'),
(4, 1, 1, 'Unidades');

-- --------------------------------------------------------

--
-- Table structure for table `implementos_donacion`
--

CREATE TABLE `implementos_donacion` (
  `donacion` int(4) NOT NULL,
  `implemento` int(4) NOT NULL,
  `cantidad` int(11) NOT NULL,
  `unidad` varchar(30) COLLATE utf8_spanish_ci NOT NULL
) ENGINE=InnoDB DEFAULT CHARSET=utf8 COLLATE=utf8_spanish_ci;

--
-- Dumping data for table `implementos_donacion`
--

INSERT INTO `implementos_donacion` (`donacion`, `implemento`, `cantidad`, `unidad`) VALUES
(1, 1, 6, 'Unidades');

-- --------------------------------------------------------

--
-- Table structure for table `implementos_mantenimiento`
--

CREATE TABLE `implementos_mantenimiento` (
  `mantenimiento` int(4) NOT NULL,
  `implemento` int(4) NOT NULL,
  `cantidad` int(11) NOT NULL,
  `unidad` varchar(30) COLLATE utf8_spanish_ci NOT NULL
) ENGINE=InnoDB DEFAULT CHARSET=utf8 COLLATE=utf8_spanish_ci;

-- --------------------------------------------------------

--
-- Table structure for table `implementos_reforestacion`
--

CREATE TABLE `implementos_reforestacion` (
  `reforestacion` int(4) NOT NULL,
  `implemento` int(4) NOT NULL,
  `cantidad` int(11) NOT NULL,
  `unidad` varchar(30) COLLATE utf8_spanish_ci NOT NULL
) ENGINE=InnoDB DEFAULT CHARSET=utf8 COLLATE=utf8_spanish_ci;

--
-- Dumping data for table `implementos_reforestacion`
--

INSERT INTO `implementos_reforestacion` (`reforestacion`, `implemento`, `cantidad`, `unidad`) VALUES
(1, 1, 1, 'Unidades');

-- --------------------------------------------------------

--
-- Table structure for table `implementos_servicio`
--

CREATE TABLE `implementos_servicio` (
  `servicio` int(4) NOT NULL,
  `implemento` int(4) NOT NULL,
  `cantidad` int(11) NOT NULL,
  `unidad` varchar(30) COLLATE utf8_spanish_ci NOT NULL
) ENGINE=InnoDB DEFAULT CHARSET=utf8 COLLATE=utf8_spanish_ci;

--
-- Dumping data for table `implementos_servicio`
--

INSERT INTO `implementos_servicio` (`servicio`, `implemento`, `cantidad`, `unidad`) VALUES
(1, 4, 1, 'Unidades'),
(1, 4, 1, 'Unidades');

-- --------------------------------------------------------

--
-- Table structure for table `invitados_servicio`
--

CREATE TABLE `invitados_servicio` (
  `servicio` int(4) NOT NULL,
  `cedula` varchar(10) COLLATE utf8_spanish2_ci NOT NULL,
  `nombre` varchar(80) COLLATE utf8_spanish2_ci NOT NULL
) ENGINE=InnoDB DEFAULT CHARSET=utf8 COLLATE=utf8_spanish2_ci;

--
-- Dumping data for table `invitados_servicio`
--

INSERT INTO `invitados_servicio` (`servicio`, `cedula`, `nombre`) VALUES
(1, 'V-27402258', 'Yonathan Moncada');

-- --------------------------------------------------------

--
-- Table structure for table `mantenimientos`
--

CREATE TABLE `mantenimientos` (
  `id_man` int(4) NOT NULL,
  `fecha_act` timestamp NOT NULL DEFAULT CURRENT_TIMESTAMP,
  `usuario` int(4) NOT NULL,
  `fecha_asig` varchar(50) COLLATE utf8_spanish_ci NOT NULL,
  `hora_asig` varchar(50) COLLATE utf8_spanish_ci NOT NULL,
  `estado` enum('Pendiente','En progreso','','Finalizado') COLLATE utf8_spanish_ci NOT NULL
) ENGINE=InnoDB DEFAULT CHARSET=utf8 COLLATE=utf8_spanish_ci;

-- --------------------------------------------------------

--
-- Table structure for table `reforestaciones`
--

CREATE TABLE `reforestaciones` (
  `id_ref` int(4) NOT NULL,
  `fecha_act` timestamp NOT NULL DEFAULT CURRENT_TIMESTAMP,
  `usuario` int(4) NOT NULL,
  `fecha_asig` varchar(50) COLLATE utf8_spanish_ci NOT NULL,
  `hora_asig` varchar(50) COLLATE utf8_spanish_ci NOT NULL,
  `estado` enum('Pendiente','En progreso','','Finalizado') COLLATE utf8_spanish_ci NOT NULL
) ENGINE=InnoDB DEFAULT CHARSET=utf8 COLLATE=utf8_spanish_ci;

--
-- Dumping data for table `reforestaciones`
--

INSERT INTO `reforestaciones` (`id_ref`, `fecha_act`, `usuario`, `fecha_asig`, `hora_asig`, `estado`) VALUES
(1, '2017-11-11 21:58:47', 1, '30-11-2017', '6:00 PM', 'Pendiente');

-- --------------------------------------------------------

--
-- Table structure for table `servicios`
--

CREATE TABLE `servicios` (
  `id_ser` int(4) NOT NULL,
  `fecha_act` timestamp NOT NULL DEFAULT CURRENT_TIMESTAMP,
  `usuario` int(4) NOT NULL,
  `fecha_asig` varchar(50) COLLATE utf8_spanish_ci NOT NULL,
  `hora_asig` varchar(50) COLLATE utf8_spanish_ci NOT NULL,
  `estado` enum('Pendiente','En progreso','','Finalizado') COLLATE utf8_spanish_ci NOT NULL
) ENGINE=InnoDB DEFAULT CHARSET=utf8 COLLATE=utf8_spanish_ci;

--
-- Dumping data for table `servicios`
--

INSERT INTO `servicios` (`id_ser`, `fecha_act`, `usuario`, `fecha_asig`, `hora_asig`, `estado`) VALUES
(1, '2017-11-24 05:30:30', 1, '24-11-2017', '1:30 AM', 'Pendiente');

-- --------------------------------------------------------

--
-- Table structure for table `usuarios`
--

CREATE TABLE `usuarios` (
  `id_usu` int(4) NOT NULL,
  `nombre` varchar(80) COLLATE utf8_spanish_ci NOT NULL,
  `biografia` varchar(120) COLLATE utf8_spanish_ci NOT NULL,
  `telefono` varchar(30) COLLATE utf8_spanish_ci NOT NULL,
  `genero` enum('Femenino','Masculino') COLLATE utf8_spanish_ci NOT NULL,
  `direccion` varchar(80) COLLATE utf8_spanish_ci NOT NULL,
  `usuario` varchar(30) COLLATE utf8_spanish_ci NOT NULL,
  `contrasena` varchar(80) COLLATE utf8_spanish_ci NOT NULL,
  `nivel` enum('Administrador(a)','Secretario(a)') COLLATE utf8_spanish_ci NOT NULL,
  `email` varchar(80) COLLATE utf8_spanish_ci NOT NULL,
  `pregunta` enum('¿Cuál fue el nombre de tu primera mascota?','¿Cuál es la profesión de tu abuelo?','¿Cómo se llama tu mejor amigo de la infancia?','¿Cuál fue tu clase favorita en el colegio?') COLLATE utf8_spanish_ci NOT NULL,
  `respuesta` varchar(80) COLLATE utf8_spanish_ci NOT NULL,
  `avatar` varchar(80) COLLATE utf8_spanish_ci NOT NULL,
  `estado` enum('Activo','Inactivo') COLLATE utf8_spanish_ci NOT NULL
) ENGINE=InnoDB DEFAULT CHARSET=utf8 COLLATE=utf8_spanish_ci;

--
-- Dumping data for table `usuarios`
--

INSERT INTO `usuarios` (`id_usu`, `nombre`, `biografia`, `telefono`, `genero`, `direccion`, `usuario`, `contrasena`, `nivel`, `email`, `pregunta`, `respuesta`, `avatar`, `estado`) VALUES
(1, 'Yonathan Moncada', 'Diseñador Gráfico, Productor Audiovisual, Desarollador Web. \r\n20 años. \r\nVenezolano', '(0424) 359-1604', 'Masculino', 'La Victoria, Estado Aragua', 'yomoncada', '88ea39439e74fa27c09a4fc0bc8ebe6d00978392', 'Administrador(a)', 'yomoncadabooking@gmail.com', '¿Cuál fue el nombre de tu primera mascota?', 'Firulais', 'perfil-yomoncada-.png', 'Activo'),
(2, 'Luís Hernández', '', '(0414) 945-2962', 'Masculino', 'La Victoria, Estado Aragua', 'luchohnz', 'c8f9b98678a420b6e5249417dd3a5efb5863198f', 'Secretario(a)', 'luchohnz@gmail.com', '¿Cuál es la profesión de tu abuelo?', 'Agricultor', 'perfil-luchohnz-4.png', 'Activo'),
(3, 'Marco Salazar', '', '(0424) 306-6682', 'Masculino', 'La Victoria, Estado Aragua', 'marcoslzr', 'c8f9b98678a420b6e5249417dd3a5efb5863198f', 'Administrador(a)', 'marcoslzr@gmail.com', '¿Cuál fue el nombre de tu primera mascota?', 'Doggie', '', 'Activo'),
(4, 'Alejandro Goncalves', '', '', 'Masculino', '', 'alejandrop', 'd2cd74dbc30b1191777b58c8fae9302448eda635', 'Secretario(a)', 'alejandrop@gmail.com', '¿Cuál fue el nombre de tu primera mascota?', 'Golden', '', 'Activo'),
(5, 'Dubrazka Landaeta', '', '', 'Masculino', '', 'dubrazki', 'cb3f5f1b873265d76c0e37eda6ccabee9b432dc0', 'Administrador(a)', 'dubrazkiz@gmail.com', '¿Cuál fue el nombre de tu primera mascota?', 'mía', '', 'Activo');

--
-- Indexes for dumped tables
--

--
-- Indexes for table `actividades`
--
ALTER TABLE `actividades`
  ADD PRIMARY KEY (`id_act`);

--
-- Indexes for table `actividades_censo`
--
ALTER TABLE `actividades_censo`
  ADD KEY `censo` (`censo`,`actividad`,`encargado`),
  ADD KEY `censo_2` (`censo`,`actividad`,`encargado`);

--
-- Indexes for table `actividades_mantenimiento`
--
ALTER TABLE `actividades_mantenimiento`
  ADD KEY `censo` (`mantenimiento`,`actividad`,`encargado`),
  ADD KEY `censo_2` (`mantenimiento`,`actividad`,`encargado`);

--
-- Indexes for table `actividades_reforestacion`
--
ALTER TABLE `actividades_reforestacion`
  ADD KEY `censo` (`reforestacion`,`actividad`,`encargado`),
  ADD KEY `censo_2` (`reforestacion`,`actividad`,`encargado`);

--
-- Indexes for table `areas`
--
ALTER TABLE `areas`
  ADD PRIMARY KEY (`id_are`);

--
-- Indexes for table `areas_censo`
--
ALTER TABLE `areas_censo`
  ADD KEY `mantenimiento` (`censo`,`id_are`),
  ADD KEY `area` (`id_are`);

--
-- Indexes for table `areas_mantenimiento`
--
ALTER TABLE `areas_mantenimiento`
  ADD KEY `mantenimiento` (`mantenimiento`,`id_are`),
  ADD KEY `area` (`id_are`);

--
-- Indexes for table `areas_reforestacion`
--
ALTER TABLE `areas_reforestacion`
  ADD KEY `mantenimiento` (`reforestacion`,`id_are`),
  ADD KEY `area` (`id_are`);

--
-- Indexes for table `beneficiarios`
--
ALTER TABLE `beneficiarios`
  ADD PRIMARY KEY (`id_ben`);

--
-- Indexes for table `beneficiarios_servicio`
--
ALTER TABLE `beneficiarios_servicio`
  ADD KEY `mantenimiento` (`servicio`,`beneficiario`),
  ADD KEY `area` (`beneficiario`);

--
-- Indexes for table `bitacoras`
--
ALTER TABLE `bitacoras`
  ADD PRIMARY KEY (`id_bit`),
  ADD KEY `usuario` (`usuario`);

--
-- Indexes for table `cabanas`
--
ALTER TABLE `cabanas`
  ADD PRIMARY KEY (`id_cab`),
  ADD KEY `area` (`area`);

--
-- Indexes for table `cabanas_servicio`
--
ALTER TABLE `cabanas_servicio`
  ADD KEY `mantenimiento` (`servicio`,`cabana`),
  ADD KEY `area` (`cabana`);

--
-- Indexes for table `canchas`
--
ALTER TABLE `canchas`
  ADD PRIMARY KEY (`id_can`),
  ADD KEY `area` (`area`);

--
-- Indexes for table `canchas_servicio`
--
ALTER TABLE `canchas_servicio`
  ADD KEY `mantenimiento` (`servicio`,`cancha`),
  ADD KEY `area` (`cancha`);

--
-- Indexes for table `cargos`
--
ALTER TABLE `cargos`
  ADD PRIMARY KEY (`id_car`);

--
-- Indexes for table `categorias`
--
ALTER TABLE `categorias`
  ADD PRIMARY KEY (`id_cat`);

--
-- Indexes for table `censos`
--
ALTER TABLE `censos`
  ADD PRIMARY KEY (`id_cen`),
  ADD KEY `usuario` (`usuario`);

--
-- Indexes for table `ci_sessions`
--
ALTER TABLE `ci_sessions`
  ADD PRIMARY KEY (`id`),
  ADD KEY `ci_sessions_timestamp` (`timestamp`);

--
-- Indexes for table `donaciones`
--
ALTER TABLE `donaciones`
  ADD PRIMARY KEY (`id_dnc`),
  ADD KEY `usuario` (`usuario`);

--
-- Indexes for table `donantes`
--
ALTER TABLE `donantes`
  ADD PRIMARY KEY (`id_don`);

--
-- Indexes for table `donantes_donacion`
--
ALTER TABLE `donantes_donacion`
  ADD KEY `mantenimiento` (`donacion`,`donante`),
  ADD KEY `area` (`donante`);

--
-- Indexes for table `edificios`
--
ALTER TABLE `edificios`
  ADD PRIMARY KEY (`id_edi`),
  ADD KEY `area` (`area`);

--
-- Indexes for table `edificios_mantenimiento`
--
ALTER TABLE `edificios_mantenimiento`
  ADD KEY `mantenimiento` (`mantenimiento`,`edificio`),
  ADD KEY `area` (`edificio`);

--
-- Indexes for table `empleados`
--
ALTER TABLE `empleados`
  ADD PRIMARY KEY (`id_emp`);

--
-- Indexes for table `empleados_censo`
--
ALTER TABLE `empleados_censo`
  ADD KEY `mantenimiento` (`censo`,`empleado`),
  ADD KEY `area` (`empleado`);

--
-- Indexes for table `empleados_mantenimiento`
--
ALTER TABLE `empleados_mantenimiento`
  ADD KEY `mantenimiento` (`mantenimiento`,`empleado`),
  ADD KEY `area` (`empleado`);

--
-- Indexes for table `empleados_reforestacion`
--
ALTER TABLE `empleados_reforestacion`
  ADD KEY `mantenimiento` (`reforestacion`,`empleado`),
  ADD KEY `area` (`empleado`);

--
-- Indexes for table `empleados_servicio`
--
ALTER TABLE `empleados_servicio`
  ADD KEY `mantenimiento` (`servicio`,`empleado`),
  ADD KEY `area` (`empleado`);

--
-- Indexes for table `especies`
--
ALTER TABLE `especies`
  ADD PRIMARY KEY (`id_esp`);

--
-- Indexes for table `especies_censo`
--
ALTER TABLE `especies_censo`
  ADD KEY `mantenimiento` (`censo`,`especie`),
  ADD KEY `empleado` (`especie`);

--
-- Indexes for table `especies_reforestacion`
--
ALTER TABLE `especies_reforestacion`
  ADD KEY `mantenimiento` (`reforestacion`,`especie`),
  ADD KEY `empleado` (`especie`);

--
-- Indexes for table `fondos_donacion`
--
ALTER TABLE `fondos_donacion`
  ADD KEY `donacion` (`donacion`);

--
-- Indexes for table `implementos`
--
ALTER TABLE `implementos`
  ADD PRIMARY KEY (`id_imp`),
  ADD UNIQUE KEY `categoria` (`categoria`),
  ADD UNIQUE KEY `categoria_2` (`categoria`);

--
-- Indexes for table `implementos_censo`
--
ALTER TABLE `implementos_censo`
  ADD KEY `mantenimiento` (`censo`,`implemento`),
  ADD KEY `implemento` (`implemento`);

--
-- Indexes for table `implementos_donacion`
--
ALTER TABLE `implementos_donacion`
  ADD KEY `mantenimiento` (`donacion`,`implemento`),
  ADD KEY `implemento` (`implemento`);

--
-- Indexes for table `implementos_mantenimiento`
--
ALTER TABLE `implementos_mantenimiento`
  ADD KEY `mantenimiento` (`mantenimiento`,`implemento`),
  ADD KEY `implemento` (`implemento`);

--
-- Indexes for table `implementos_reforestacion`
--
ALTER TABLE `implementos_reforestacion`
  ADD KEY `mantenimiento` (`reforestacion`,`implemento`),
  ADD KEY `implemento` (`implemento`);

--
-- Indexes for table `implementos_servicio`
--
ALTER TABLE `implementos_servicio`
  ADD KEY `mantenimiento` (`servicio`,`implemento`),
  ADD KEY `implemento` (`implemento`);

--
-- Indexes for table `mantenimientos`
--
ALTER TABLE `mantenimientos`
  ADD PRIMARY KEY (`id_man`),
  ADD KEY `usuario` (`usuario`);

--
-- Indexes for table `reforestaciones`
--
ALTER TABLE `reforestaciones`
  ADD PRIMARY KEY (`id_ref`),
  ADD KEY `usuario` (`usuario`);

--
-- Indexes for table `servicios`
--
ALTER TABLE `servicios`
  ADD PRIMARY KEY (`id_ser`),
  ADD KEY `usuario` (`usuario`);

--
-- Indexes for table `usuarios`
--
ALTER TABLE `usuarios`
  ADD PRIMARY KEY (`id_usu`);

--
-- AUTO_INCREMENT for dumped tables
--

--
-- AUTO_INCREMENT for table `actividades`
--
ALTER TABLE `actividades`
  MODIFY `id_act` int(4) NOT NULL AUTO_INCREMENT, AUTO_INCREMENT=5;
--
-- AUTO_INCREMENT for table `areas`
--
ALTER TABLE `areas`
  MODIFY `id_are` int(4) NOT NULL AUTO_INCREMENT, AUTO_INCREMENT=5;
--
-- AUTO_INCREMENT for table `beneficiarios`
--
ALTER TABLE `beneficiarios`
  MODIFY `id_ben` int(4) NOT NULL AUTO_INCREMENT, AUTO_INCREMENT=5;
--
-- AUTO_INCREMENT for table `bitacoras`
--
ALTER TABLE `bitacoras`
  MODIFY `id_bit` int(4) NOT NULL AUTO_INCREMENT, AUTO_INCREMENT=20;
--
-- AUTO_INCREMENT for table `cabanas`
--
ALTER TABLE `cabanas`
  MODIFY `id_cab` int(4) NOT NULL AUTO_INCREMENT, AUTO_INCREMENT=11;
--
-- AUTO_INCREMENT for table `canchas`
--
ALTER TABLE `canchas`
  MODIFY `id_can` int(4) NOT NULL AUTO_INCREMENT, AUTO_INCREMENT=5;
--
-- AUTO_INCREMENT for table `cargos`
--
ALTER TABLE `cargos`
  MODIFY `id_car` int(4) NOT NULL AUTO_INCREMENT, AUTO_INCREMENT=10;
--
-- AUTO_INCREMENT for table `categorias`
--
ALTER TABLE `categorias`
  MODIFY `id_cat` int(4) NOT NULL AUTO_INCREMENT, AUTO_INCREMENT=5;
--
-- AUTO_INCREMENT for table `censos`
--
ALTER TABLE `censos`
  MODIFY `id_cen` int(4) NOT NULL AUTO_INCREMENT, AUTO_INCREMENT=5;
--
-- AUTO_INCREMENT for table `donaciones`
--
ALTER TABLE `donaciones`
  MODIFY `id_dnc` int(4) NOT NULL AUTO_INCREMENT, AUTO_INCREMENT=2;
--
-- AUTO_INCREMENT for table `donantes`
--
ALTER TABLE `donantes`
  MODIFY `id_don` int(4) NOT NULL AUTO_INCREMENT, AUTO_INCREMENT=6;
--
-- AUTO_INCREMENT for table `edificios`
--
ALTER TABLE `edificios`
  MODIFY `id_edi` int(4) NOT NULL AUTO_INCREMENT, AUTO_INCREMENT=4;
--
-- AUTO_INCREMENT for table `empleados`
--
ALTER TABLE `empleados`
  MODIFY `id_emp` int(4) NOT NULL AUTO_INCREMENT, AUTO_INCREMENT=5;
--
-- AUTO_INCREMENT for table `especies`
--
ALTER TABLE `especies`
  MODIFY `id_esp` int(4) NOT NULL AUTO_INCREMENT, AUTO_INCREMENT=11;
--
-- AUTO_INCREMENT for table `implementos`
--
ALTER TABLE `implementos`
  MODIFY `id_imp` int(4) NOT NULL AUTO_INCREMENT, AUTO_INCREMENT=6;
--
-- AUTO_INCREMENT for table `mantenimientos`
--
ALTER TABLE `mantenimientos`
  MODIFY `id_man` int(4) NOT NULL AUTO_INCREMENT;
--
-- AUTO_INCREMENT for table `reforestaciones`
--
ALTER TABLE `reforestaciones`
  MODIFY `id_ref` int(4) NOT NULL AUTO_INCREMENT, AUTO_INCREMENT=2;
--
-- AUTO_INCREMENT for table `servicios`
--
ALTER TABLE `servicios`
  MODIFY `id_ser` int(4) NOT NULL AUTO_INCREMENT, AUTO_INCREMENT=2;
--
-- AUTO_INCREMENT for table `usuarios`
--
ALTER TABLE `usuarios`
  MODIFY `id_usu` int(4) NOT NULL AUTO_INCREMENT, AUTO_INCREMENT=6;
--
-- Constraints for dumped tables
--

--
-- Constraints for table `cabanas`
--
ALTER TABLE `cabanas`
  ADD CONSTRAINT `cabanas_ibfk_1` FOREIGN KEY (`area`) REFERENCES `areas` (`id_are`);

--
-- Constraints for table `canchas`
--
ALTER TABLE `canchas`
  ADD CONSTRAINT `canchas_ibfk_1` FOREIGN KEY (`area`) REFERENCES `areas` (`id_are`);

--
-- Constraints for table `edificios`
--
ALTER TABLE `edificios`
  ADD CONSTRAINT `edificios_ibfk_1` FOREIGN KEY (`area`) REFERENCES `areas` (`id_are`);

/*!40101 SET CHARACTER_SET_CLIENT=@OLD_CHARACTER_SET_CLIENT */;
/*!40101 SET CHARACTER_SET_RESULTS=@OLD_CHARACTER_SET_RESULTS */;
/*!40101 SET COLLATION_CONNECTION=@OLD_COLLATION_CONNECTION */;
